北京北,0
北京东,1
北京,2
北京南,3
北京西,4
广州南,5
重庆北,6
重庆,7
重庆南,8
重庆西,9
广州东,10
上海,11
上海南,12
上海虹桥,13
上海西,14
天津北,15
天津,16
天津南,17
天津西,18
香港西九龙,19
长春,20
长春南,21
长春西,22
成都东,23
成都南,24
成都,25
成都西,26
长沙,27
长沙南,28
大明湖,29
福州,30
福州南,31
贵阳,32
广州,33
广州西,34
哈尔滨,35
哈尔滨东,36
哈尔滨西,37
合肥,38
呼和浩特东,39
呼和浩特,40
海口东,41
海口,42
杭州东,43
杭州,44
杭州南,45
济南,46
济  南,47
济南西,48
济  南西,49
昆明,50
昆明西,51
拉萨,52
兰州东,53
兰州,54
兰州西,55
南昌,56
南京,57
南京南,58
南宁,59
石家庄北,60
石家庄,61
蜀山东,62
沈阳,63
沈阳北,64
沈阳东,65
沈阳南,66
太原北,67
太原东,68
太原,69
武汉,70
王家营西,71
乌鲁木齐,72
西安北,73
西安,74
西安南,75
西宁,76
银川,77
郑州,78
阿尔山,79
安康,80
阿克苏,81
阿里河,82
阿拉山口,83
安平,84
安庆,85
安顺,86
鞍山,87
安阳,88
北安,89
蚌埠,90
白城,91
北海,92
白河,93
白涧,94
宝鸡,95
滨江,96
博克图,97
百色,98
白山市,99
北台,100
包头东,101
包头,102
北屯市,103
本溪,104
白云鄂博,105
白银西,106
亳州,107
赤壁,108
常德,109
承德,110
长甸,111
赤峰南,112
茶陵,113
苍南,114
昌平,115
崇仁,116
昌图,117
长汀镇,118
曹县,119
楚雄南,120
陈相屯,121
长治北,122
池州,123
长征,124
常州,125
郴州,126
长治,127
沧州,128
崇左,129
大安北,130
大成,131
丹东,132
东方红,133
东莞东,134
大虎山,135
敦煌,136
敦化,137
德惠,138
东京城,139
大涧,140
都江堰,141
大连北,142
大理,143
大连,144
定南,145
大庆,146
东胜,147
大石桥,148
大同,149
东营,150
大杨树,151
都匀,152
邓州,153
达州,154
德州,155
额济纳,156
二连,157
恩施,158
福鼎,159
凤凰机场,160
风陵渡,161
涪陵,162
富拉尔基,163
抚顺北,164
佛山,165
阜新南,166
阜阳,167
格尔木,168
广汉,169
古交,170
桂林北,171
古莲,172
桂林,173
固始,174
广水,175
干塘,176
广元,177
广州北,178
赣州,179
公主岭,180
公主岭南,181
淮安,182
淮北,183
鹤北,184
淮滨,185
河边,186
潢川,187
韩城,188
邯郸,189
横道河子,190
鹤岗,191
皇姑屯,192
红果,193
黑河,194
怀化,195
汉口,196
葫芦岛,197
海拉尔,198
霍林郭勒,199
海伦,200
侯马,201
哈密,202
淮南,203
桦南,204
海宁西,205
鹤庆,206
怀柔北,207
怀柔,208
黄石东,209
华山,210
黄山,211
黄石,212
衡水,213
衡阳,214
菏泽,215
贺州,216
汉中,217
惠州,218
吉安,219
集安,220
江边村,221
晋城,222
金城江,223
景德镇,224
嘉峰,225
加格达奇,226
井冈山,227
蛟河,228
金华南,229
金华,230
九江,231
吉林,232
荆门,233
佳木斯,234
济宁,235
集宁南,236
酒泉,237
江山,238
吉首,239
九台,240
镜铁山,241
鸡西,242
绩溪县,243
嘉峪关,244
江油,245
蓟州北,246
锦州,247
金州,248
库尔勒,249
开封,250
岢岚,251
凯里,252
喀什,253
昆山南,254
奎屯,255
开原,256
六安,257
灵宝,258
芦潮港,259
隆昌,260
陆川,261
利川,262
潞城,263
临川,264
鹿道,265
娄底,266
临汾,267
良各庄,268
临河,269
漯河,270
绿化,271
隆化,272
丽江,273
临江,274
龙井,275
吕梁,276
醴陵,277
柳林南,278
滦平,279
六盘水,280
灵丘,281
旅顺,282
兰溪,283
陇西,284
澧县,285
临西,286
龙岩,287
耒阳,288
洛阳,289
连云港东,290
洛阳东,291
临沂,292
洛阳龙门,293
柳园,294
凌源,295
辽源,296
立志,297
柳州,298
辽中,299
麻城,300
免渡河,301
牡丹江,302
莫尔道嘎,303
满归,304
明光,305
漠河,306
茂名,307
茂名西,308
密山,309
马三家,310
麻尾,311
绵阳,312
梅州,313
满洲里,314
宁波东,315
宁波,316
南岔,317
南充,318
南丹,319
南大庙,320
南芬,321
讷河,322
嫩江,323
内江,324
南通,325
南阳,326
碾子山,327
平顶山,328
盘锦,329
平凉,330
平凉南,331
平泉,332
坪石,333
萍乡,334
凭祥,335
郫县西,336
攀枝花,337
蕲春,338
青城山,339
青岛,340
清河城,341
曲靖,342
黔江,343
前进镇,344
齐齐哈尔,345
七台河,346
沁县,347
泉州东,348
泉州,349
衢州,350
融安,351
汝箕沟,352
瑞金,353
日照,354
双城堡,355
绥芬河,356
韶关东,357
山海关,358
绥化,359
三间房,360
苏家屯,361
舒兰,362
神木南,363
三门峡,364
商南,365
遂宁,366
四平,367
商丘,368
上饶,369
韶山,370
宿松,371
汕头,372
邵武,373
涉县,374
三亚,375
邵阳,376
十堰,377
三元区,378
双鸭山,379
松原,380
宿州,381
苏州,382
深圳,383
随州,384
朔州,385
深圳西,386
塘豹,387
塔尔气,388
潼关,389
塘沽,390
塔河,391
通化,392
泰来,393
吐鲁番,394
通辽,395
铁岭,396
陶赖昭,397
图们,398
铜仁,399
唐山北,400
田师府,401
泰山,402
天水,403
唐山,404
通远堡,405
太阳升,406
泰州,407
桐梓,408
通州西,409
五常,410
武昌,411
瓦房店,412
威海,413
芜湖,414
乌海西,415
吴家屯,416
乌鲁木齐南,417
武隆,418
乌兰浩特,419
渭南,420
威舍,421
歪头山,422
武威,423
武威南,424
无锡,425
乌西,426
乌伊岭,427
武夷山,428
万源,429
万州,430
梧州,431
温州,432
温州南,433
西昌,434
许昌,435
西昌南,436
锡林浩特,437
厦门北,438
厦门,439
厦门高崎,440
宣威,441
新乡,442
信阳,443
咸阳,444
襄阳,445
熊岳城,446
新余,447
徐州,448
延安,449
宜宾,450
亚布力南,451
叶柏寿,452
宜昌东,453
永川,454
盐城,455
运城,456
伊春,457
宜昌,458
榆次,459
杨村,460
宜春西,461
伊尔施,462
燕岗,463
永济,464
延吉,465
营口,466
牙克石,467
阎良,468
玉林,469
榆林,470
亚龙湾,471
一面坡,472
伊宁,473
阳平关,474
玉屏,475
原平,476
延庆,477
阳泉曲,478
玉泉,479
阳泉,480
营山,481
玉山,482
燕山,483
榆树,484
鹰潭,485
烟台,486
伊图里河,487
玉田县,488
义乌,489
阳新,490
义县,491
益阳,492
岳阳,493
崖州,494
扬州,495
永州,496
淄博,497
镇城底,498
自贡,499
珠海,500
珠海北,501
湛江,502
镇江,503
张家界,504
张家口,505
周口,506
扎兰屯,507
驻马店,508
肇庆,509
周水子,510
昭通,511
中卫,512
资阳,513
遵义西,514
资中,515
枣庄,516
株洲,517
枣庄西,518
昂昂溪,519
阿城,520
安达,521
安德,522
安定,523
安多,524
安广,525
敖汉,526
艾河,527
安化,528
艾家村,529
安家,530
阿金,531
安靖,532
阿克陶,533
安口窑,534
敖力布告,535
安龙,536
阿龙山,537
安陆,538
阿木尔,539
阿南庄,540
鞍山西,541
安塘,542
安亭北,543
阿图什,544
安图,545
安溪,546
博鳌,547
北碚,548
白壁关,549
蚌埠南,550
巴楚,551
板城,552
北戴河,553
保定,554
宝坻,555
八达岭,556
巴东,557
宝丰,558
柏果,559
布海,560
白河东,561
宝华山,562
白河县,563
白芨沟,564
碧鸡关,565
北滘,566
碧江,567
白鸡坡,568
笔架山,569
八角台,570
保康,571
白奎堡,572
白狼,573
百浪,574
博乐,575
巴林,576
宝林,577
北流,578
勃利,579
布列开,580
宝龙山,581
百里峡,582
八面城,583
班猫箐,584
八面通,585
北马圈子,586
北票南,587
白旗,588
宝泉岭,589
白泉,590
巴山,591
白水江,592
白沙坡,593
白石山,594
白水镇,595
包头 东,596
坂田,597
泊头,598
北屯,599
本溪湖,600
博兴,601
八仙筒,602
白音察干,603
背荫河,604
北营,605
巴彦高勒,606
白音他拉,607
鲅鱼圈,608
白银市,609
白音胡硕,610
巴中,611
霸州,612
北宅,613
赤壁北,614
查布嘎,615
长城,616
长冲,617
承德东,618
赤峰,619
嵯岗,620
柴岗,621
长葛,622
柴沟堡,623
城固,624
陈官营,625
成高子,626
草海,627
柴河,628
册亨,629
草河口,630
崔黄口,631
巢湖,632
蔡家沟,633
成吉思汗,634
岔江,635
蔡家坡,636
昌乐,637
超梁沟,638
慈利,639
昌黎,640
长岭子,641
晨明,642
长农,643
昌平北,644
常平,645
长坡岭,646
辰清,647
楚山,648
长寿,649
蔡山,650
磁山,651
苍石,652
草市,653
察素齐,654
长山屯,655
长汀,656
朝天南,657
昌图西,658
春湾,659
磁县,660
岑溪,661
辰溪,662
磁西,663
长兴南,664
磁窑,665
春阳,666
城阳,667
创业村,668
朝阳川,669
朝阳地,670
朝阳南,671
长垣,672
朝阳镇,673
滁州北,674
常州北,675
滁州,676
潮州,677
常庄,678
曹子里,679
车转湾,680
郴州西,681
沧州西,682
德安,683
大安,684
大板,685
大坝,686
大巴,687
电白,688
到保,689
达坂城,690
定边,691
东边井,692
德伯斯,693
打柴沟,694
德昌,695
滴道,696
大磴沟,697
刀尔登,698
得耳布尔,699
杜尔伯特,700
东方,701
丹凤,702
东丰,703
都格,704
大官屯,705
大关,706
东光,707
东海,708
大灰厂,709
大红旗,710
大禾塘,711
东海县,712
德惠西,713
达家沟,714
东津,715
杜家,716
大口屯,717
东来,718
德令哈,719
带岭,720
大林,721
达拉特旗,722
独立屯,723
豆罗,724
达拉特西,725
大连西,726
东明村,727
洞庙河,728
东明县,729
大拟,730
大平房,731
大盘石,732
大埔,733
大堡,734
大庆东,735
大其拉哈,736
道清,737
对青山,738
德清西,739
大庆西,740
砀山,741
独山,742
东升,743
登沙河,744
读书铺,745
大石头,746
东胜西,747
大石寨,748
东台,749
定陶,750
灯塔,751
大田边,752
东通化,753
丹徒,754
大屯,755
东湾,756
大武口,757
低窝铺,758
大王滩,759
大湾子,760
大兴沟,761
大兴,762
定西,763
东乡,764
代县,765
定襄,766
甸心,767
东戌,768
东辛庄,769
丹阳,770
大雁,771
德阳,772
当阳,773
丹阳北,774
大英东,775
东淤地,776
大营,777
定远,778
岱岳,779
大元,780
大营镇,781
大营子,782
大战场,783
德州东,784
东至,785
低庄,786
东镇,787
道州,788
东庄,789
兑镇,790
定州,791
豆庄,792
大竹园,793
大杖子,794
豆张庄,795
峨边,796
二道沟门,797
二道湾,798
鄂尔多斯,799
二龙,800
二龙山屯,801
峨眉,802
二密河,803
恩平,804
二营,805
鄂州,806
福安,807
丰城,808
丰城南,809
肥东,810
发耳,811
富海,812
福海,813
凤凰城,814
汾河,815
奉化,816
富锦,817
范家屯,818
福利区,819
福利屯,820
丰乐镇,821
阜南,822
阜宁,823
抚宁,824
福清,825
福泉,826
丰水村,827
丰顺,828
繁峙,829
抚顺,830
福山口,831
扶绥,832
冯屯,833
浮图峪,834
富县东,835
凤县,836
费县,837
富县,838
汾阳,839
凤阳,840
扶余北,841
分宜,842
富源,843
扶余,844
富裕,845
抚州北,846
凤州,847
丰镇,848
范镇,849
广安,850
固安,851
高碑店,852
沟帮子,853
甘草店,854
谷城,855
藁城,856
高村,857
古城镇,858
广德,859
贵定,860
贵定南,861
古东,862
贵港,863
官高,864
葛根庙,865
干沟,866
甘谷,867
高各庄,868
甘河,869
根河,870
郭家店,871
孤家子,872
古浪,873
皋兰,874
高楼房,875
归流河,876
关林,877
甘洛,878
郭磊庄,879
高密,880
公庙子,881
工农湖,882
广宁寺南,883
广南卫,884
高平,885
甘泉北,886
共青城,887
甘旗卡,888
甘泉,889
高桥镇,890
灌水,891
赶水,892
孤山口,893
果松,894
高山子,895
嘎什甸子,896
高台,897
高滩,898
官厅,899
古田,900
官厅西,901
贵溪,902
涡阳,903
巩义,904
高邑,905
巩义南,906
广元南,907
固原,908
菇园,909
公营子,910
光泽,911
固镇,912
瓜州,913
古镇,914
高州,915
盖州,916
虢镇,917
官字井,918
冠豸山,919
盖州西,920
海安,921
淮安南,922
红安,923
红安西,924
黄柏,925
海北,926
鹤壁,927
会昌北,928
华城,929
河唇,930
汉川,931
海城,932
合川,933
黑冲滩,934
黄村,935
海城西,936
化德,937
洪洞,938
霍尔果斯,939
横峰,940
韩府湾,941
汉沽,942
黄瓜园,943
红光镇,944
浑河,945
红花沟,946
黄花筒,947
贺家店,948
和静,949
获嘉,950
河津,951
红江,952
黑井,953
涵江,954
华家,955
杭锦后旗,956
河间西,957
花家庄,958
河口南,959
黄口,960
湖口,961
呼兰,962
葫芦岛北,963
浩良河,964
哈拉海,965
鹤立,966
桦林,967
黄陵,968
海林,969
虎林,970
寒岭,971
和龙,972
海龙,973
哈拉苏,974
呼鲁斯太,975
火连寨,976
黄梅,977
韩麻营,978
黄泥河,979
海宁,980
怀宁,981
惠农,982
和平,983
花棚子,984
花桥,985
宏庆,986
怀仁,987
华容,988
华山北,989
黄松甸,990
和什托洛盖,991
红山,992
汉寿,993
衡山,994
黑水,995
惠山,996
虎什哈,997
红寺堡,998
虎石台,999
海石湾,1000
衡山西,1001
红砂岘,1002
黑台,1003
桓台,1004
和田,1005
会同,1006
海坨子,1007
黑旺,1008
海湾,1009
红星,1010
徽县,1011
红兴隆,1012
换新天,1013
红岘台,1014
红彦,1015
海晏,1016
合阳,1017
衡阳东,1018
华蓥,1019
汉阴,1020
黄羊滩,1021
汉源,1022
河源,1023
花园,1024
湟源,1025
黄羊镇,1026
湖州,1027
化州,1028
黄州,1029
霍州,1030
惠州西,1031
巨宝,1032
靖边,1033
金宝屯,1034
晋城北,1035
金昌,1036
鄄城,1037
交城,1038
建昌,1039
峻德,1040
井店,1041
鸡东,1042
江都,1043
鸡冠山,1044
金沟屯,1045
静海,1046
金河,1047
锦河,1048
精河,1049
精河南,1050
江华,1051
建湖,1052
纪家沟,1053
晋江,1054
锦界,1055
姜家,1056
江津,1057
金坑,1058
芨岭,1059
金马村,1060
江门东,1061
角美,1062
江门,1063
莒南,1064
井南,1065
建瓯,1066
经棚,1067
江桥,1068
九三,1069
金山北,1070
嘉善,1071
京山,1072
建始,1073
稷山,1074
吉舒,1075
建设,1076
甲山,1077
建三江,1078
嘉善南,1079
金山屯,1080
江所田,1081
景泰,1082
九台南,1083
吉文,1084
进贤,1085
莒县,1086
嘉祥,1087
介休,1088
嘉兴,1089
井陉,1090
嘉兴南,1091
夹心子,1092
简阳,1093
姜堰,1094
建阳,1095
巨野,1096
揭阳南,1097
江永,1098
缙云,1099
靖远,1100
江源,1101
济源,1102
靖远西,1103
胶州北,1104
焦作东,1105
金寨,1106
蓟州,1107
靖州,1108
荆州,1109
胶州,1110
晋州,1111
锦州南,1112
焦作,1113
旧庄窝,1114
金杖子,1115
开安,1116
库车,1117
康城,1118
库都尔,1119
宽甸,1120
克东,1121
昆都仑召,1122
开江,1123
康金井,1124
喀喇其,1125
开鲁,1126
克拉玛依,1127
开平南,1128
口前,1129
昆山,1130
奎山,1131
克山,1132
康熙岭,1133
昆阳,1134
克一河,1135
开原西,1136
康庄,1137
来宾,1138
老边,1139
灵宝西,1140
洛川东,1141
龙川,1142
乐昌,1143
黎城,1144
聊城,1145
蓝村,1146
两当,1147
林东,1148
乐都,1149
梁底下,1150
六道河子,1151
鲁番,1152
廊坊,1153
落垡,1154
廊坊北,1155
老府,1156
兰岗,1157
龙骨甸,1158
芦沟,1159
龙沟,1160
拉古,1161
临海,1162
拉哈,1163
凌海,1164
林海,1165
柳河,1166
六合,1167
龙华,1168
滦河沿,1169
六合镇,1170
亮甲店,1171
刘家店,1172
刘家河,1173
连江,1174
庐江,1175
李家,1176
廉江,1177
两家,1178
龙江,1179
罗江,1180
龙嘉,1181
莲江口,1182
蔺家楼,1183
李家坪,1184
兰考,1185
林口,1186
路口铺,1187
老莱,1188
拉林,1189
陆良,1190
临澧,1191
兰棱,1192
龙里,1193
零陵,1194
卢龙,1195
喇嘛甸,1196
里木店,1197
洛门,1198
龙南,1199
梁平,1200
罗平,1201
落坡岭,1202
乐平市,1203
六盘山,1204
临清,1205
龙泉寺,1206
乐山北,1207
乐善村,1208
冷水江东,1209
连山关,1210
流水沟,1211
丽水,1212
陵水,1213
罗山,1214
鲁山,1215
梁山,1216
灵石,1217
露水河,1218
庐山,1219
林盛堡,1220
柳树屯,1221
龙山镇,1222
梨树镇,1223
李石寨,1224
黎塘,1225
轮台,1226
芦台,1227
龙塘坝,1228
濑湍,1229
骆驼巷,1230
李旺,1231
莱芜东,1232
狼尾山,1233
灵武,1234
莱芜西,1235
滦县,1236
朗乡,1237
陇县,1238
临湘,1239
林西,1240
芦溪,1241
良乡,1242
莱西南,1243
略阳,1244
莱阳,1245
辽阳,1246
凌源东,1247
临沂东,1248
连云港,1249
临颍,1250
老营,1251
龙游,1252
罗源,1253
涟源,1254
涞源,1255
林源,1256
耒阳西,1257
临泽,1258
龙爪沟,1259
雷州,1260
六枝,1261
龙镇,1262
鹿寨,1263
来舟,1264
拉鲊,1265
兰州新区,1266
马鞍山,1267
毛坝,1268
毛坝关,1269
麻城北,1270
渑池,1271
明城,1272
庙城,1273
渑池南,1274
茅草坪,1275
猛洞河,1276
磨刀石,1277
弥渡,1278
帽儿山,1279
明港,1280
梅河口,1281
马皇,1282
孟家岗,1283
美兰,1284
汨罗东,1285
马莲河,1286
麻柳,1287
茂林,1288
穆棱,1289
茅岭,1290
庙岭,1291
马林,1292
马龙,1293
木里图,1294
汨罗,1295
玛纳斯湖,1296
冕宁,1297
沐滂,1298
马桥河,1299
闽清,1300
民权,1301
明水河,1302
麻山,1303
眉山,1304
漫水湾,1305
米沙子,1306
茂舍祖,1307
马踏,1308
美溪,1309
勉县,1310
麻阳,1311
密云北,1312
米易,1313
墨玉,1314
麦园,1315
米脂,1316
庙庄,1317
明珠,1318
宁安,1319
农安,1320
南博山,1321
南仇,1322
南城司,1323
宁村,1324
宁德,1325
南观村,1326
南宫东,1327
南关岭,1328
宁国,1329
宁海,1330
南华北,1331
南河川,1332
泥河子,1333
宁家,1334
南靖,1335
牛家,1336
能家,1337
南口,1338
南口前,1339
南朗,1340
乃林,1341
尼勒克,1342
那罗,1343
宁陵县,1344
奈曼,1345
宁明,1346
南木,1347
那铺,1348
南桥,1349
那曲,1350
暖泉,1351
南台,1352
南头,1353
宁武,1354
南湾子,1355
南翔北,1356
宁乡,1357
内乡,1358
牛心台,1359
南峪,1360
娘子关,1361
南召,1362
南杂木,1363
蓬安,1364
平安,1365
平安驿,1366
磐安镇,1367
平安镇,1368
蒲城东,1369
蒲城,1370
裴德,1371
偏店,1372
坡底下,1373
瓢儿屯,1374
平房,1375
平岗,1376
平果,1377
平关,1378
盘关,1379
徘徊北,1380
平河口,1381
平湖,1382
盘锦北,1383
潘家店,1384
皮口南,1385
普兰店,1386
偏岭,1387
平山,1388
彭山,1389
皮山,1390
磐石,1391
平社,1392
彭水,1393
平台,1394
平田,1395
莆田,1396
葡萄菁,1397
普湾,1398
平旺,1399
平型关,1400
普雄,1401
蓬溪,1402
郫县,1403
平阳,1404
平洋,1405
平遥,1406
彭阳,1407
平邑,1408
平原堡,1409
平原,1410
平峪,1411
平庄北,1412
彭泽,1413
邳州,1414
泡子,1415
平庄南,1416
乾安,1417
庆安,1418
迁安,1419
祁东北,1420
七甸,1421
曲阜东,1422
庆丰,1423
奇峰塔,1424
曲阜,1425
琼海,1426
秦皇岛,1427
千河,1428
清河,1429
清河门,1430
清华园,1431
全椒,1432
渠旧,1433
潜江,1434
秦家,1435
綦江,1436
祁家堡,1437
清涧县,1438
秦家庄,1439
七里河,1440
秦岭,1441
渠黎,1442
青龙,1443
青龙山,1444
祁门,1445
前磨头,1446
青山,1447
确山,1448
清水,1449
前山,1450
戚墅堰,1451
青田,1452
桥头,1453
青铜峡,1454
前卫,1455
前苇塘,1456
渠县,1457
祁县,1458
青县,1459
桥西,1460
清徐,1461
旗下营,1462
千阳,1463
泉阳,1464
沁阳,1465
祁阳北,1466
七营,1467
庆阳山,1468
清远,1469
清原,1470
钦州东,1471
钦州,1472
青州市,1473
瑞安,1474
荣昌,1475
瑞昌,1476
如皋,1477
容桂,1478
任丘,1479
乳山,1480
融水,1481
热水,1482
容县,1483
饶阳,1484
汝阳,1485
绕阳河,1486
汝州,1487
石坝,1488
上板城,1489
施秉,1490
上板城南,1491
世博园,1492
双城北,1493
舒城,1494
商城,1495
莎车,1496
顺昌,1497
神池,1498
沙城,1499
石城,1500
山城镇,1501
山丹,1502
绥德,1503
顺德,1504
水洞,1505
商都,1506
十渡,1507
四道湾,1508
顺德学院,1509
绅坊,1510
双丰,1511
四方台,1512
水富,1513
三关口,1514
桑根达来,1515
韶关,1516
上高镇,1517
沙海,1518
上杭,1519
蜀河,1520
松河,1521
沙河,1522
沙河口,1523
赛汗塔拉,1524
沙河市,1525
沙后所,1526
山河屯,1527
三河县,1528
四合永,1529
双河镇,1530
三汇镇,1531
石河子,1532
三合庄,1533
三家店,1534
水家湖,1535
松江河,1536
沈家河,1537
尚家,1538
孙家,1539
沈家,1540
双吉,1541
松江,1542
三江口,1543
司家岭,1544
松江南,1545
石景山南,1546
邵家堂,1547
三江县,1548
松江镇,1549
三家寨,1550
十家子,1551
深井子,1552
施家嘴,1553
什里店,1554
疏勒,1555
疏勒河,1556
舍力虎,1557
石磷,1558
石林,1559
双辽,1560
绥棱,1561
石岭,1562
石林南,1563
石龙,1564
萨拉齐,1565
索伦,1566
商洛,1567
沙岭子,1568
石门县北,1569
三门峡南,1570
三门县,1571
神木西,1572
三门峡西,1573
石门县,1574
肃宁,1575
宋,1576
双牌,1577
沙坪坝,1578
四平东,1579
遂平,1580
沙坡头,1581
沙桥,1582
商丘南,1583
水泉,1584
石泉县,1585
石桥子,1586
石人城,1587
石人,1588
山市,1589
神树,1590
鄯善,1591
三水,1592
泗水,1593
松树,1594
石山,1595
首山,1596
三十家,1597
三十里堡,1598
双水镇,1599
松树镇,1600
松桃,1601
索图罕,1602
三堂集,1603
石头,1604
神头,1605
沙沱,1606
上万,1607
孙吴,1608
沙湾县,1609
歙县,1610
遂溪,1611
沙县,1612
绍兴,1613
石岘,1614
上西铺,1615
石峡子,1616
沭阳,1617
绥阳,1618
寿阳,1619
水洋,1620
三阳川,1621
上腰墩,1622
三营,1623
顺义,1624
三义井,1625
三源浦,1626
上虞,1627
三原,1628
上园,1629
水源,1630
桑园子,1631
绥中北,1632
苏州北,1633
宿州东,1634
深圳东,1635
深州,1636
孙镇,1637
绥中,1638
尚志,1639
师庄,1640
松滋,1641
师宗,1642
苏州园区,1643
苏州新区,1644
泰安,1645
台安,1646
通安驿,1647
桐柏,1648
通北,1649
桐城,1650
汤池,1651
郯城,1652
铁厂,1653
桃村,1654
通道,1655
田东,1656
天岗,1657
土贵乌拉,1658
通沟,1659
太谷,1660
塔哈,1661
棠海,1662
唐河,1663
泰和,1664
太湖,1665
团结,1666
谭家井,1667
陶家屯,1668
唐家湾,1669
统军庄,1670
吐列毛杜,1671
图里河,1672
铜陵,1673
田林,1674
亭亮,1675
铁力,1676
铁岭西,1677
图们北,1678
天门,1679
天门南,1680
太姥山,1681
土牧尔台,1682
土门子,1683
洮南,1684
潼南,1685
太平川,1686
太平镇,1687
图强,1688
台前,1689
天桥岭,1690
土桥子,1691
汤山城,1692
桃山,1693
台山,1694
塔石嘴,1695
通途,1696
汤旺河,1697
同心,1698
土溪,1699
桐乡,1700
田阳,1701
天义,1702
汤阴,1703
驼腰岭,1704
太阳山,1705
通榆,1706
汤原,1707
塔崖驿,1708
滕州东,1709
台州,1710
天祝,1711
滕州,1712
天镇,1713
桐子林,1714
天柱山,1715
武安,1716
文安,1717
王安镇,1718
吴堡,1719
旺苍,1720
五叉沟,1721
温春,1722
文昌,1723
五大连池,1724
文登,1725
五道沟,1726
五道河,1727
文地,1728
卫东,1729
武当山,1730
望都,1731
乌尔旗汗,1732
潍坊,1733
万发屯,1734
王府,1735
瓦房店西,1736
王岗,1737
武功,1738
湾沟,1739
吴官田,1740
乌海,1741
苇河,1742
卫辉,1743
吴家川,1744
五家,1745
威箐,1746
午汲,1747
渭津,1748
王家湾,1749
倭肯,1750
五棵树,1751
五龙背,1752
万乐,1753
瓦拉干,1754
温岭,1755
五莲,1756
乌拉特前旗,1757
卧里屯,1758
渭南北,1759
乌奴耳,1760
万宁,1761
万年,1762
渭南南,1763
渭南镇,1764
沃皮,1765
吴桥,1766
汪清,1767
武清,1768
武山,1769
文水,1770
魏善庄,1771
王瞳,1772
五台山,1773
王团庄,1774
五五,1775
武乡东,1776
无锡东,1777
卫星,1778
闻喜,1779
无锡新区,1780
武穴,1781
吴圩,1782
王杨,1783
武义,1784
五营,1785
瓦窑田,1786
五原,1787
苇子沟,1788
韦庄,1789
五寨,1790
王兆屯,1791
微子镇,1792
魏杖子,1793
新安,1794
兴安,1795
新安县,1796
新保安,1797
下板城,1798
西八里,1799
宣城,1800
兴城,1801
小村,1802
新绰源,1803
下城子,1804
新城子,1805
喜德,1806
小得江,1807
西大庙,1808
小东,1809
小董,1810
香坊,1811
信丰,1812
襄汾,1813
息烽,1814
新干,1815
轩岗,1816
孝感,1817
西固城,1818
兴国,1819
西固,1820
夏官营,1821
西岗子,1822
宣汉,1823
襄河,1824
新和,1825
宣和,1826
斜河涧,1827
新华屯,1828
新华,1829
新会,1830
新晃,1831
新化,1832
宣化,1833
兴和西,1834
下花园,1835
小河沿,1836
小河镇,1837
徐家店,1838
徐家,1839
峡江,1840
新绛,1841
辛集,1842
新江,1843
西街口,1844
许家屯,1845
许家台,1846
谢家镇,1847
兴凯,1848
香兰,1849
小榄,1850
兴隆店,1851
新乐,1852
新林,1853
小岭,1854
西林,1855
西柳,1856
新李,1857
仙林,1858
新立屯,1859
兴隆县,1860
兴隆镇,1861
新立镇,1862
新民,1863
西麻山,1864
下马塘,1865
孝南,1866
咸宁北,1867
兴宁,1868
咸宁,1869
犀浦东,1870
西平,1871
兴平,1872
新坪田,1873
霞浦,1874
溆浦,1875
犀浦,1876
新青,1877
新邱,1878
兴泉堡,1879
仙人桥,1880
小寺沟,1881
杏树,1882
浠水,1883
下社,1884
小市,1885
徐水,1886
夏石,1887
秀山,1888
小哨,1889
新松浦,1890
杏树屯,1891
许三湾,1892
湘潭,1893
邢台,1894
向塘,1895
仙桃西,1896
下台子,1897
徐闻,1898
新窝铺,1899
修武,1900
新县,1901
息县,1902
西乡,1903
湘乡,1904
西峡,1905
孝西,1906
小新街,1907
新兴县,1908
西小召,1909
小西庄,1910
向阳,1911
旬阳,1912
旬阳北,1913
兴业,1914
小雨谷,1915
新沂,1916
兴义,1917
信宜,1918
小月旧,1919
小扬气,1920
襄垣,1921
夏邑县,1922
祥云西,1923
新友谊,1924
新阳镇,1925
徐州东,1926
新帐房,1927
新肇,1928
悬钟,1929
襄州,1930
忻州,1931
汐子,1932
西哲里木,1933
新杖子,1934
依安,1935
姚安,1936
永安,1937
永安乡,1938
亚布力,1939
元宝山,1940
羊草,1941
秧草地,1942
阳澄湖,1943
迎春,1944
叶城,1945
盐池,1946
砚川,1947
阳春,1948
宜城,1949
应城,1950
禹城,1951
晏城,1952
阳岔,1953
阳城,1954
郓城,1955
雁翅,1956
云彩岭,1957
虞城县,1958
营城子,1959
英德,1960
永登,1961
永定,1962
尹地,1963
阳东,1964
雁荡山,1965
于都,1966
园墩,1967
英德西,1968
永丰营,1969
杨岗,1970
阳高,1971
阳谷,1972
友好,1973
余杭,1974
沿河城,1975
岩会,1976
羊臼河,1977
永嘉,1978
盐津,1979
阳江,1980
余江,1981
燕郊,1982
营街,1983
姚家,1984
岳家井,1985
一间堡,1986
英吉沙,1987
云居寺,1988
燕家庄,1989
永康,1990
营口东,1991
银浪,1992
永郎,1993
宜良北,1994
永乐店,1995
伊拉哈,1996
杨陵,1997
伊林,1998
彝良,1999
杨林,2000
余粮堡,2001
杨柳青,2002
月亮田,2003
义马,2004
阳明堡,2005
玉门,2006
云梦,2007
元谋,2008
一面山,2009
沂南,2010
宜耐,2011
伊宁东,2012
营盘水,2013
羊堡,2014
阳泉北,2015
乐清,2016
焉耆,2017
源迁,2018
姚千户屯,2019
阳曲,2020
榆树沟,2021
月山,2022
偃师,2023
颍上,2024
沂水,2025
榆社,2026
玉石,2027
玉舍,2028
窑上,2029
元氏,2030
杨树岭,2031
野三坡,2032
榆树屯,2033
榆树台,2034
鹰手营子,2035
源潭,2036
牙屯堡,2037
烟筒山,2038
烟筒屯,2039
羊尾哨,2040
越西,2041
阳西,2042
永修,2043
攸县,2044
玉溪西,2045
弋阳,2046
余姚,2047
酉阳,2048
岳阳东,2049
阳邑,2050
鸭园,2051
鸳鸯镇,2052
燕子砭,2053
宜州,2054
仪征,2055
兖州,2056
迤资,2057
羊者窝,2058
杨杖子,2059
镇安,2060
治安,2061
招柏,2062
张百湾,2063
中川机场,2064
枝城,2065
子长,2066
诸城,2067
邹城,2068
赵城,2069
章党,2070
正定,2071
肇东,2072
照福铺,2073
章古台,2074
赵光,2075
中和,2076
中华门,2077
枝江北,2078
钟家村,2079
朱家沟,2080
紫荆关,2081
周家,2082
诸暨,2083
镇江南,2084
周家屯,2085
褚家湾,2086
湛江西,2087
朱家窑,2088
曾家坪子,2089
张兰,2090
镇赉,2091
枣林,2092
扎鲁特,2093
扎赉诺尔西,2094
樟木头,2095
中牟,2096
中宁东,2097
中宁,2098
中宁南,2099
镇平,2100
漳平,2101
泽普,2102
枣强,2103
张桥,2104
章丘,2105
朱日和,2106
泽润里,2107
中山北,2108
樟树东,2109
柞水,2110
中山,2111
樟树,2112
珠斯花,2113
钟山,2114
珠窝,2115
张维屯,2116
彰武,2117
钟祥,2118
资溪,2119
棕溪,2120
镇西,2121
张辛,2122
正镶白旗,2123
紫阳,2124
枣阳,2125
竹园坝,2126
张掖,2127
镇远,2128
漳州东,2129
漳州,2130
子洲,2131
涿州,2132
壮志,2133
中寨,2134
咋子,2135
卓资山,2136
株洲西,2137
郑州西,2138
阿巴嘎旗,2139
阿城北,2140
阿尔山北,2141
安江东,2142
安吉,2143
阿克塞,2144
阿勒泰,2145
安陆西,2146
安仁,2147
安顺西,2148
安图西,2149
安亭西,2150
安阳东,2151
博白,2152
八步,2153
栟茶,2154
八达岭长城,2155
保定东,2156
博尔塔拉,2157
八方山,2158
白沟,2159
滨海,2160
滨海北,2161
滨海港,2162
滨海西,2163
毕节,2164
宝鸡南,2165
北京大兴,2166
北井子,2167
八里甸子,2168
白马井,2169
北票,2170
宝清,2171
璧山,2172
白沙铺,2173
白水县,2174
板塘,2175
白文东,2176
宾西北,2177
本溪新城,2178
步行街,2179
宾阳,2180
白云北,2181
白云机场北,2182
白洋淀,2183
宝应,2184
百宜,2185
白音华南,2186
巴中东,2187
彬州,2188
滨州,2189
宾州,2190
亳州南,2191
霸州西,2192
长安,2193
长安西,2194
澄城,2195
承德县北,2196
成  都东,2197
承德南,2198
曹妃甸东,2199
曹妃甸港,2200
城固北,2201
长葛北,2202
查干湖,2203
巢湖东,2204
从江,2205
蔡家崖,2206
茶卡,2207
长临河,2208
长流,2209
茶陵南,2210
长宁,2211
常平东,2212
常平南,2213
长箐,2214
长庆桥,2215
重  庆西,2216
长寿北,2217
长寿湖,2218
常熟,2219
潮汕,2220
常山,2221
长沙西,2222
朝天,2223
长汀南,2224
长武,2225
长兴,2226
苍溪,2227
楚雄,2228
城西,2229
长阳,2230
潮阳,2231
朝阳湖,2232
昌邑,2233
长治东,2234
崇州,2235
长治南,2236
城子坦,2237
东安东,2238
德保,2239
都昌,2240
东岔,2241
东城南,2242
东戴河,2243
丹东西,2244
东二道河,2245
大方,2246
大丰,2247
大方南,2248
东港北,2249
东莞港,2250
大港南,2251
大孤山,2252
东莞,2253
东莞西,2254
东花园北,2255
鼎湖东,2256
鼎湖山,2257
道滘,2258
垫江,2259
洞井,2260
丹江口,2261
董家口,2262
大苴,2263
洞口,2264
达连河,2265
大荔,2266
大朗镇,2267
得莫利,2268
大青沟,2269
德清,2270
东胜东,2271
砀山南,2272
大石头南,2273
当涂东,2274
大同南,2275
大通西,2276
大旺,2277
定西北,2278
大兴机场,2279
德兴东,2280
德兴,2281
丹霞山,2282
大阳,2283
大冶北,2284
都匀东,2285
大邑,2286
东营南,2287
大余,2288
邓州东,2289
定州东,2290
端州,2291
大足南,2292
额敏,2293
峨眉山,2294
阿房宫,2295
鄂州东,2296
防城港北,2297
丰城东,2298
凤城东,2299
富川,2300
方城,2301
繁昌西,2302
丰都,2303
扶沟南,2304
福海西,2305
涪陵北,2306
枫林,2307
阜宁东,2308
富宁,2309
阜宁南,2310
阜宁南,2311
佛坪,2312
法启,2313
芙蓉南,2314
丰顺东,2315
复盛,2316
抚松,2317
佛山西,2318
福山镇,2319
福田,2320
凤台南,2321
费县北,2322
阜新,2323
富阳,2324
富源北,2325
抚远,2326
富蕴,2327
阜阳西,2328
抚州东,2329
抚州,2330
方正,2331
福州 南,2332
高安,2333
广安南,2334
贵安,2335
高碑店东,2336
古北口,2337
谷城北,2338
古城东,2339
恭城,2340
藁城南,2341
贵定北,2342
广德南,2343
葛店南,2344
贵定县,2345
广汉北,2346
高花,2347
革居,2348
高楞,2349
关岭,2350
桂林西,2351
高密北,2352
光明城,2353
灌南,2354
广宁,2355
广宁寺,2356
广南县,2357
高平东,2358
桂平,2359
高坪,2360
广平,2361
弓棚子,2362
赶水东,2363
光山,2364
谷山,2365
观沙岭,2366
古田北,2367
广通北,2368
高台南,2369
古田会址,2370
赣县北,2371
高邮北,2372
贵  阳北,2373
贵阳北,2374
观音机场,2375
贵阳东,2376
高邮,2377
灌云,2378
赣榆,2379
高邑西,2380
赣州西,2381
淮安东,2382
淮安东,2383
惠安,2384
怀安,2385
淮北北,2386
鹤壁东,2387
花博山,2388
寒葱沟,2389
霍城,2390
珲春,2391
花城街,2392
河东机场,2393
横道河子东,2394
邯郸东,2395
海东,2396
惠东,2397
哈达铺,2398
花都,2399
洪洞西,2400
海东西,2401
哈尔滨北,2402
合肥北城,2403
合肥南,2404
黄冈,2405
黄冈东,2406
横沟桥东,2407
黄冈西,2408
洪河,2409
怀化南,2410
黄河景区,2411
惠环,2412
花湖,2413
后湖,2414
怀集,2415
厚街,2416
河口北,2417
宏克力,2418
怀来,2419
海林北,2420
黄流,2421
黄陵南,2422
虎门北,2423
虎门东,2424
鲘门,2425
海门,2426
虎门,2427
洪梅,2428
侯马西,2429
衡南,2430
淮南东,2431
淮南南,2432
合浦,2433
横琴北,2434
霍邱,2435
横琴,2436
怀仁东,2437
华容东,2438
华容南,2439
红寺堡北,2440
黑山北,2441
黄山北,2442
黄石北,2443
衡水北,2444
贺胜桥东,2445
和硕,2446
含山南,2447
含山南,2448
花山南,2449
黑山寺,2450
花山镇,2451
荷塘,2452
黄桶北,2453
黄土店,2454
花土沟,2455
合阳北,2456
海阳北,2457
槐荫,2458
鄠邑,2459
花园口,2460
淮阳南,2461
霍州东,2462
惠州南,2463
建安,2464
吉安西,2465
晋城东,2466
泾川,2467
碱厂,2468
景德镇北,2469
旌德,2470
建德,2471
尖峰,2472
近海,2473
蛟河西,2474
军粮城北,2475
将乐,2476
贾鲁河,2477
九郎山,2478
即墨北,2479
剑门关,2480
佳木斯西,2481
建宁县北,2482
莒南北,2483
济南东,2484
江宁,2485
江宁西,2486
建瓯东,2487
建瓯西,2488
建平,2489
建桥,2490
酒泉南,2491
句容西,2492
建水,2493
尖山,2494
界首南,2495
界首市,2496
吉水西,2497
绩溪北,2498
介休东,2499
泾县,2500
靖西,2501
郏县,2502
进贤南,2503
揭阳,2504
江油北,2505
揭阳机场,2506
简阳南,2507
嘉峪关南,2508
金银潭,2509
靖宇,2510
金月湾,2511
缙云西,2512
晋中,2513
景州,2514
焦作西,2515
库尔木依,2516
开封北,2517
开福寺,2518
开化,2519
凯里南,2520
库伦,2521
昆明南,2522
葵潭,2523
开阳,2524
昆玉,2525
喀左,2526
隆安东,2527
冷坝,2528
来宾北,2529
灵璧,2530
寮步,2531
绿博园,2532
隆昌北,2533
乐昌东,2534
临城,2535
罗城,2536
陵城,2537
老城镇,2538
龙洞堡,2539
娄底南,2540
乐东,2541
离堆公园,2542
娄烦,2543
陆丰,2544
来凤,2545
龙丰,2546
禄丰南,2547
临汾西,2548
临高南,2549
麓谷,2550
滦河,2551
珞璜南,2552
隆回,2553
漯河西,2554
罗江东,2555
柳江,2556
利津南,2557
厉家寨,2558
兰考南,2559
龙口市,2560
兰陵北,2561
龙里北,2562
沥林北,2563
醴陵东,2564
芦庙,2565
陇南,2566
辽宁朝阳,2567
六盘水东,2568
梁平南,2569
龙桥,2570
龙泉市,2571
礼泉,2572
临泉,2573
龙山北,2574
灵石东,2575
乐山,2576
涟水,2577
龙市,2578
溧水,2579
娄山关南,2580
岚山西,2581
乐同,2582
龙塘镇,2583
灵武北,2584
洛湾三江,2585
莱西,2586
岚县,2587
郎溪南,2588
溧阳,2589
临沂北,2590
临  沂北,2591
临邑,2592
柳园南,2593
龙游南,2594
鹿寨北,2595
临淄北,2596
阆中,2597
临泽南,2598
六枝南,2599
马鞍山东,2600
毛陈,2601
帽儿山西,2602
明港东,2603
民和南,2604
闵集,2605
米兰,2606
马兰,2607
民乐,2608
弥勒,2609
玛纳斯,2610
牟平,2611
闽清北,2612
民权北,2613
眉山东,2614
名山,2615
蒙山,2616
庙山,2617
岷县,2618
门源,2619
暮云,2620
蒙自北,2621
孟庄,2622
蒙自,2623
梅州西,2624
南部,2625
南曹,2626
南充北,2627
南城,2628
牛车河,2629
宁城,2630
南 昌,2631
南昌西,2632
宁东南,2633
宁东,2634
南芬北,2635
南丰,2636
南湖东,2637
牛河梁,2638
南华,2639
内江北,2640
南江,2641
南江口,2642
奈林皋,2643
南陵,2644
牛栏山,2645
尼木,2646
南宁东,2647
南宁西,2648
南堡北,2649
南平市,2650
宁强南,2651
南通西,2652
泥溪,2653
南雄,2654
南阳东,2655
纳雍,2656
南阳寨,2657
普安,2658
普安县,2659
屏边,2660
平坝南,2661
平昌,2662
普定,2663
平度,2664
平度西,2665
平顶山西,2666
蒲江,2667
皮口,2668
盘龙城,2669
蓬莱市,2670
屏南,2671
普宁,2672
平南南,2673
平泉北,2674
彭山北,2675
屏山,2676
盘山,2677
坪上,2678
萍乡北,2679
濮阳,2680
鄱阳,2681
平遥古城,2682
平原东,2683
平庄,2684
普者黑,2685
盘州,2686
彭州,2687
攀枝花南,2688
彭州南,2689
秦安,2690
青白江东,2691
青川,2692
清城,2693
青岛北,2694
青  岛北,2695
千岛湖,2696
祁东,2697
启东,2698
青堆,2699
青岛西,2700
前锋,2701
清河门北,2702
齐河,2703
曲靖北,2704
綦江东,2705
曲江,2706
邛崃,2707
青莲,2708
齐齐哈尔南,2709
清水北,2710
青神,2711
岐山,2712
庆盛,2713
清水县,2714
曲水县,2715
犍为,2716
祁县东,2717
乾县,2718
黔西,2719
旗下营南,2720
祁阳,2721
庆元,2722
青州市北,2723
乔庄东,2724
全州南,2725
棋子湾,2726
清镇西,2727
仁布,2728
荣昌北,2729
荣成,2730
瑞昌西,2731
如东,2732
榕江,2733
日喀则,2734
饶平,2735
若羌,2736
日照西,2737
肃北,2738
遂昌,2739
宋城路,2740
三道湖,2741
邵东,2742
三都县,2743
胜芳,2744
双峰北,2745
商河,2746
泗洪,2747
双河市,2748
四会,2749
畲江北,2750
石家庄东,2751
三江南,2752
沙井西,2753
三井子,2754
四棵树,2755
双流机场,2756
双龙湖,2757
狮岭,2758
石林西,2759
双流西,2760
胜利镇,2761
三明北,2762
三明,2763
嵩明,2764
树木岭,2765
神木,2766
睢宁,2767
苏尼特左旗,2768
山坡东,2769
沈丘北,2770
商丘东,2771
沈丘,2772
宿迁,2773
石桥,2774
鄯善北,2775
狮山北,2776
三水北,2777
松山湖北,2778
狮山,2779
三水南,2780
泗水南,2781
韶山南,2782
三穗,2783
石梯,2784
汕尾,2785
歙县北,2786
绍兴北,2787
绍兴东,2788
泗县,2789
始兴,2790
松溪,2791
寿县,2792
随县,2793
泗阳,2794
双洋,2795
松阳,2796
三阳,2797
射阳,2798
双阳,2799
邵阳北,2800
松原北,2801
十堰东,2802
山阴,2803
邵阳西,2804
沈阳西,2805
深圳机场北,2806
深圳北,2807
深圳机场,2808
神州,2809
桑植,2810
十字门,2811
尚志南,2812
随州南,2813
石嘴山,2814
深圳坪山,2815
石柱县,2816
台安南,2817
太仓,2818
桃村北,2819
铁厂沟,2820
塔城,2821
太仓南,2822
铁刹山,2823
田东北,2824
土地堂东,2825
太谷东,2826
铁干里克,2827
太谷西,2828
吐哈,2829
通海,2830
太和北,2831
天河机场,2832
太和东,2833
天河街,2834
唐海南,2835
通化县,2836
同江,2837
托克托东,2838
铜陵北,2839
吐鲁番北,2840
桐庐,2841
泰宁,2842
铜仁南,2843
天水南,2844
通渭,2845
田心东,2846
汤逊湖,2847
藤县,2848
太原南,2849
桃源,2850
通远堡西,2851
桐梓北,2852
太子城,2853
桐梓东,2854
通州,2855
万安县,2856
吴川,2857
文登东,2858
武当山西,2859
潍坊北,2860
五府山,2861
威虎岭北,2862
芜湖北,2863
威海北,2864
芜湖南,2865
苇河西,2866
温江,2867
魏家泉,2868
乌兰察布,2869
五龙背东,2870
乌龙泉南,2871
乌兰木图,2872
望牛墩,2873
五女山,2874
渭南西,2875
武胜,2876
乌审旗,2877
乌苏,2878
五通,2879
无为,2880
无为南,2881
瓦屋山,2882
威信,2883
武乡,2884
闻喜西,2885
武义北,2886
武夷山北,2887
婺源,2888
渭源,2889
湾仔,2890
万州北,2891
湾仔北,2892
吴忠,2893
武陟,2894
梧州南,2895
湾沚南,2896
兴安北,2897
许昌北,2898
许昌东,2899
项城,2900
新都东,2901
西渡,2902
咸丰,2903
西丰,2904
先锋,2905
湘府路,2906
襄汾西,2907
孝感北,2908
新干东,2909
孝感东,2910
兴国西,2911
夏格庄,2912
下花园北,2913
兴和北,2914
宣化北,2915
西湖东,2916
新化南,2917
西华,2918
新晃西,2919
新津,2920
小金口,2921
辛集南,2922
新津南,2923
西来,2924
新民北,2925
厦 门,2926
咸宁东,2927
咸宁南,2928
溆浦南,2929
西平西,2930
响水县,2931
湘潭北,2932
邢台东,2933
新塘南,2934
兴文,2935
西乌旗,2936
修武西,2937
修文县,2938
萧县北,2939
新香坊北,2940
新乡东,2941
萧县,2942
岫岩,2943
新余北,2944
西阳村,2945
信阳东,2946
襄垣东,2947
咸阳秦都,2948
襄阳东,2949
秀英,2950
仙游,2951
祥云,2952
新郑机场,2953
香樟路,2954
忻州西,2955
雅安,2956
永安南,2957
迎宾路,2958
亚布力西,2959
宜宾西,2960
永城北,2961
盐城北,2962
运城北,2963
永川东,2964
禹城东,2965
宜春,2966
岳池,2967
云东海,2968
姚渡,2969
云浮东,2970
永福南,2971
雨格,2972
阳高南,2973
洋河,2974
永济北,2975
延吉西,2976
英库勒,2977
永康南,2978
依兰,2979
运粮河,2980
尉犁,2981
炎陵,2982
鄢陵,2983
杨陵南,2984
羊马,2985
一面坡北,2986
云梦东,2987
伊敏,2988
元谋西,2989
郁南,2990
云南驿,2991
延平东,2992
延平,2993
银瓶,2994
延平西,2995
原平西,2996
阳泉东,2997
雁栖湖,2998
杨桥,2999
阳曲西,3000
永仁,3001
颍上北,3002
永寿,3003
阳朔,3004
云山,3005
玉山南,3006
雁石南,3007
榆社西,3008
永泰,3009
银滩,3010
鹰潭北,3011
依吞布拉克,3012
烟台南,3013
伊通,3014
烟台西,3015
尤溪,3016
云霄,3017
宜兴,3018
玉溪,3019
阳信,3020
应县,3021
攸县南,3022
洋县西,3023
义县西,3024
余姚北,3025
扬州东,3026
银盏,3027
禹州,3028
榆中,3029
诏安,3030
淄博北,3031
正定机场,3032
准东,3033
纸坊东,3034
柘皋,3035
准格尔,3036
庄河北,3037
政和,3038
珠海长隆,3039
昭化,3040
织金北,3041
张家川,3042
张家港,3043
织金,3044
芷江,3045
张家口南,3046
张家界西,3047
仲恺,3048
周口东,3049
曾口,3050
珠琳,3051
左岭,3052
樟木头东,3053
驻马店西,3054
周宁,3055
邹平,3056
漳浦,3057
漳平西,3058
章丘北,3059
肇庆东,3060
庄桥,3061
昭山,3062
钟山西,3063
朱砂古镇,3064
中堂,3065
支提山,3066
中卫南,3067
漳县,3068
镇雄,3069
资阳北,3070
遵义,3071
遵义南,3072
张掖西,3073
资中北,3074
枣庄东,3075
卓资东,3076
涿州东,3077
郑州东,3078
株洲南,3079
